11/27/	0:00	0	0.4	1.48291
11/27/	1:00	0	0.3	1.06311				
11/27/	2:00	0	0.3	0.64332				
11/27/	3:00	0	0.2	0.43617				
11/27/	4:00	0	0.2	0.22903				
11/27/	5:00	0	0.3	0.02188				
11/27/	6:00	0	0.2	-0.11424				
11/27/	7:00	0	0.4	-0.25036				
11/27/	8:00	0.003156	0.6	-0.07764				
11/27/	9:00	0.104173	0.7	2.60438				
11/27/	10:00	0.191281	1	5.04069				
11/27/	11:00	0.249863	1	7.03769				
11/27/	12:00	0.251752	1.1	8.2581				
11/27/	13:00	0.191526	1.4	8.54163				
11/27/	14:00	0.208104	1.5	8.87123				
11/27/	15:00	0.078124	1.4	7.8263				
11/27/	16:00	0.00383	1.2	6.27117				
11/27/	17:00	0	1.5	5.76226				
11/27/	18:00	0	1.1	5.25334				
11/27/	19:00	0	1	4.74443				
11/27/	20:00	0	0.7	4.23551				
11/27/	21:00	0	0.6	3.7266				
11/27/	22:00	0	0.6	3.21769				
11/27/	23:00	0	0.5	2.70877				
11/28/	0:00	0	0.7	2.17853				
11/28/	1:00	0	0.8	1.60839				
11/28/	2:00	0	1	1.03825				
11/28/	3:00	0	1.1	0.73323				
11/28/	4:00	0	1.4	0.42821				
11/28/	5:00	0	2.4	0.12319				
11/28/	6:00	0	2.3	-0.09328				
11/28/	7:00	0	2.8	-0.30975				
11/28/	8:00	0.003091	3.3	-0.22888				
11/28/	9:00	0.056918	3.1	0.78275				
11/28/	10:00	0.07137	3.4	1.28158				
11/28/	11:00	0.092202	3.4	1.71452				
11/28/	12:00	0.130244	3.1	2.2556				
11/28/	13:00	0.116645	3.4	2.51446				
11/28/	14:00	0.050127	4.5	2.20617				
11/28/	15:00	0.044889	6.6	1.9215				
11/28/	16:00	0.003423	8.1	1.3852				
11/28/	17:00	0	9	1.00101				
11/28/	18:00	0	9	0.61682				
11/28/	19:00	0	7.8	0.23263				
11/28/	20:00	0	5.2	-0.15155				
11/28/	21:00	0	3.9	-0.72107				
11/28/	22:00	0	4.5	-0.91993				
11/28/	23:00	0	3.8	-1.34153				
11/29/	0:00	0	3.8	-1.53369				
11/29/	1:00	0	4.1	-1.76615				
11/29/	2:00	0	3.8	-1.99861				
11/29/	3:00	0	3.1	-2.11629				
11/29/	4:00	0	3.3	-2.23396				
11/29/	5:00	0	3.8	-2.35164				
11/29/	6:00	0	5.2	-2.43098				
11/29/	7:00	0	4.9	-2.51031				
11/29/	8:00	0.001435	3.8	-2.4396				
11/29/	9:00	0.040994	4.3	-1.42834				
11/29/	10:00	0.082253	4.9	-0.38803				
11/29/	11:00	0.112558	4.5	0.51913				
11/29/	12:00	0.118425	4.5	1.12245				
11/29/	13:00	0.104322	4.9	1.40318				
11/29/	14:00	0.07417	6.6	1.36922				
11/29/	15:00	0.035675	5.8	0.92362				
11/29/	16:00	0.00096	5.2	0.24018				
11/29/	17:00	0	3.6	0.01065				
11/29/	18:00	0	4.3	-0.21888				
11/29/	19:00	0	3.6	-0.4484				
11/29/	20:00	0	3.1	-0.67793				
11/29/	21:00	0	2.3	-0.90746				
11/29/	22:00	0	2.1	-1.15766				
11/29/	23:00	0	2.7	-1.52566				
11/30/	0:00	0	2.3	-1.58485				
11/30/	1:00	0	2.7	-1.80042				
11/30/	2:00	0	3.3	-2.01598				
11/30/	3:00	0	3.4	-2.12238				
11/30/	4:00	0	4.1	-2.22877				
11/30/	5:00	0	3.8	-2.33516				
11/30/	6:00	0	4.1	-2.4051				
11/30/	7:00	0	4.5	-2.47503				
11/30/	8:00	0.001848	5.5	-2.36513				
11/30/	9:00	0.008624	5.5	-2.16593				
11/30/	10:00	0.016706	4.5	-1.94151				
11/30/	11:00	0.140414	3.1	-0.035				
11/30/	12:00	0.146661	2.3	1.18243				
11/30/	13:00	0.169252	2.1	2.21326				
11/30/	14:00	0.177393	3.1	3.01779				
11/30/	15:00	0.099146	2.9	3.05485				
11/30/	16:00	0.00324	2	2.05276				
11/30/	17:00	0	1.8	1.92246				
11/30/	18:00	0	1.7	1.79216				
11/30/	19:00	0	1.7	1.66186				
11/30/	20:00	0	1.7	1.53155				
11/30/	21:00	0	1.9	1.40125				
11/30/	22:00	0	1.5	1.27095				
11/30/	23:00	0	1.9	1.14065				
12/ 1/	0:00	0	2.5	0.99959	1	0.041666667		
12/ 1/	1:00	0	2.3	0.90271	2	0.083333333		
12/ 1/	2:00	0	1.6	0.80582	3	0.125		
12/ 1/	3:00	0	1.1	0.77945	4	0.166666667		
12/ 1/	4:00	0	2.3	0.75309	5	0.208333333		
12/ 1/	5:00	0	2.5	0.72673	6	0.25		
12/ 1/	6:00	0	2.1	0.72392	7	0.291666667		
12/ 1/	7:00	0	1.6	0.72111	8	0.333333333		
12/ 1/	8:00	0.004066	2.3	1.13805	9	0.375		
12/ 1/	9:00	0.097944	2.8	5.48575	10	0.416666667		
12/ 1/	10:00	0.059516	3.5	5.79004	11	0.458333333		
12/ 1/	11:00	0.12807	3.5	7.53558	12	0.5		
12/ 1/	12:00	0.099025	3.2	8.06799	13	0.541666667		
12/ 1/	13:00	0.189596	2.5	9.82162	14	0.583333333		
12/ 1/	14:00	0.104028	2.5	9.96609	15	0.625		
12/ 1/	15:00	0.06988	2.5	9.47284	16	0.666666667		
12/ 1/	16:00	0.002753	2.8	7.93651	17	0.708333333		
12/ 1/	17:00	0	3.7	7.38678	18	0.75		
12/ 1/	18:00	0	3.5	6.83705	19	0.791666667		
12/ 1/	19:00	0	2.3	6.28732	20	0.833333333		
12/ 1/	20:00	0	2	5.73759	21	0.875		
12/ 1/	21:00	0	1.6	5.18785	22	0.916666667		
12/ 1/	22:00	0	2.3	4.63812	23	0.958333333		
12/ 1/	23:00	0	2.9	4.08839	24	1		
12/ 2/	0:00	0	3.5	3.36752	25	1.041666667		
12/ 2/	1:00	0	3.2	2.50441	26	1.083333333		
12/ 2/	2:00	0	3.5	1.6413	27	1.125		
12/ 2/	3:00	0	3.2	1.13862	28	1.166666667		
12/ 2/	4:00	0	3.8	0.63594	29	1.208333333		
12/ 2/	5:00	0	4	0.13326	30	1.25		
12/ 2/	6:00	0	3.8	-0.24903	31	1.291666667		
12/ 2/	7:00	0	4.7	-0.63133	32	1.333333333		
12/ 2/	8:00	0.001036	5.2	-0.72511	33	1.375		
12/ 2/	9:00	0.021555	5.3	-0.38757	34	1.416666667		
12/ 2/	10:00	0.045377	6.2	0.00146	35	1.458333333		
12/ 2/	11:00	0.066999	6.7	0.37763	36	1.5		
12/ 2/	12:00	0.067091	6.7	0.5473	37	1.541666667		
12/ 2/	13:00	0.069195	6.2	0.6294	38	1.583333333		
12/ 2/	14:00	0.042641	6.2	0.45799	39	1.625		
12/ 2/	15:00	0.021629	4.7	0.08507	40	1.666666667		
12/ 2/	16:00	0.000623	4.9	-0.42215	41	1.708333333		
12/ 2/	17:00	0	4.3	-0.23796	42	1.75		
12/ 2/	18:00	0	4.9	-0.05377	43	1.791666667		
12/ 2/	19:00	0	5	0.13041	44	1.833333333		
12/ 2/	20:00	0	4.5	0.27158	45	1.875		
12/ 2/	21:00	0	4.9	0.28567	46	1.916666667		
12/ 2/	22:00	0	5.7	0.68298	47	1.958333333		
12/ 2/	23:00	0	7.3	0.86716	48	2		
12/ 3/	0:00	0	7.5	1.27611	49	2.041666667		
12/ 3/	1:00	0	7.3	1.85427	50	2.083333333		
12/ 3/	2:00	0	6.7	2.43243	51	2.125		
12/ 3/	3:00	0	6.4	2.80612	52	2.166666667		
12/ 3/	4:00	0	6.2	3.1798	53	2.208333333		
12/ 3/	5:00	0	5.5	3.55349	54	2.25		
12/ 3/	6:00	0	6.2	3.85888	55	2.291666667		
12/ 3/	7:00	0	5.2	4.16427	56	2.333333333		
12/ 3/	8:00	0.000977	4.2	4.44699	57	2.375		
12/ 3/	9:00	0.012804	3.4	5.30311	58	2.416666667		
12/ 3/	10:00	0.017722	3.2	5.89167	59	2.458333333		
12/ 3/	11:00	0.020773	1.8	6.35918	60	2.5		
12/ 3/	12:00	0.034513	1.4	7.02655	61	2.541666667		
12/ 3/	13:00	0.220234	1	11.12335	62	2.583333333		
12/ 3/	14:00	0.161877	1.1	13.12961	63	2.625		
12/ 3/	15:00	0.083094	1.8	13.53271	64	2.666666667		
12/ 3/	16:00	0.002367	2	12.23995	65	2.708333333		
12/ 3/	17:00	0	1.6	11.94393	66	2.75		
12/ 3/	18:00	0	1.8	11.6479	67	2.791666667		
12/ 3/	19:00	0	1.8	11.35188	68	2.833333333		
12/ 3/	20:00	0	2.1	11.05585	69	2.875		
12/ 3/	21:00	0	2	10.75983	70	2.916666667		
12/ 3/	22:00	0	2.6	10.4638	71	2.958333333		
12/ 3/	23:00	0	2	10.16778	72	3		
12/ 4/	0:00	0	2.6	9.21607	73	3.041666667		
12/ 4/	1:00	0	1.8	8.18218	74	3.083333333		
12/ 4/	2:00	0	2	7.14829	75	3.125		
12/ 4/	3:00	0	1.8	6.59026	76	3.166666667		
12/ 4/	4:00	0	1.4	6.03222	77	3.208333333		
12/ 4/	5:00	0	2.3	5.47419	78	3.25		
12/ 4/	6:00	0	2.1	5.07509	79	3.291666667		
12/ 4/	7:00	0	2	4.67599	80	3.333333333		
12/ 4/	8:00	0.0012011	2	4.67593	81	3.375		
12/ 4/	9:00	0.0070001	1.6	4.79198	82	3.416666667		
12/ 4/	10:00	0.054779	1.6	5.8647	83	3.458333333		
12/ 4/	11:00	0.0779133	0.4	6.75537	84	3.5		
12/ 4/	12:00	0.1809557	1	8.66583	85	3.541666667		
12/ 4/	13:00	0.2042586	0.4	10.1776	86	3.583333333		
12/ 4/	14:00	0.0823977	0.2	10.00764	87	3.625		
12/ 4/	15:00	0.0908679	0.2	9.98268	88	3.666666667		
12/ 4/	16:00	0.0034493	0.6	8.81611	89	3.708333333		
12/ 4/	17:00	0	0.8	8.19973	90	3.75		
12/ 4/	18:00	0	1.2	7.58334	91	3.791666667		
12/ 4/	19:00	0	2	6.96695	92	3.833333333		
12/ 4/	20:00	0	1.4	6.35057	93	3.875		
12/ 4/	21:00	0	2	5.73418	94	3.916666667		
12/ 4/	22:00	0	1.8	5.11779	95	3.958333333		
12/ 4/	23:00	0	1.6	4.50141	96	4		
12/ 5/	0:00	0	2.6	4.20346	97	4.041666667		
12/ 5/	1:00	0	3.2	3.89107	98	4.083333333		
12/ 5/	2:00	0	4.2	3.57869	99	4.125		
12/ 5/	3:00	0	3.5	3.41528	100	4.166666667		
12/ 5/	4:00	0	3.2	3.25187	101	4.208333333		
12/ 5/	5:00	0	4.2	3.08846	102	4.25		
12/ 5/	6:00	0	4.9	2.9748	103	4.291666667		
12/ 5/	7:00	0	4.9	2.86115	104	4.333333333		
12/ 5/	8:00	0.0007794	5.7	2.89802	105	4.375		
12/ 5/	9:00	0.0167324	5.7	3.36879	106	4.416666667		
12/ 5/	10:00	0.0331958	5.5	3.83634	107	4.458333333		
12/ 5/	11:00	0.0439316	4.2	4.03204	108	4.5		
12/ 5/	12:00	0.0484085	4.5	4.6724	109	4.541666667		
12/ 5/	13:00	0.0431811	4	4.81785	110	4.583333333		
12/ 5/	14:00	0.0328092	4.7	4.82007	111	4.625		
12/ 5/	15:00	0.0151473	4	4.57979	112	4.666666667		
12/ 5/	16:00	0.0006616	3.8	4.20956	113	4.708333333		
12/ 5/	17:00	0	3	3.90326	114	4.75		
12/ 5/	18:00	0	3.8	3.59696	115	4.791666667		
12/ 5/	19:00	0	4.5	3.29066	116	4.833333333		
12/ 5/	20:00	0	4.5	2.98436	117	4.875		
12/ 5/	21:00	0	3.8	2.67806	118	4.916666667		
12/ 5/	22:00	0	3.2	2.37176	119	4.958333333		
12/ 5/	23:00	0	3.7	2.06545	120	5		
12/ 6/	0:00	0	3.4	1.81509	121	5.041666667		
12/ 6/	1:00	0	4.2	1.57592	122	5.083333333		
12/ 6/	2:00	0	5	1.33675	123	5.125		
12/ 6/	3:00	0	5.5	1.22275	124	5.166666667		
12/ 6/	4:00	0	5.9	1.10876	125	5.208333333		
12/ 6/	5:00	0	6.7	0.99476	126	5.25		
12/ 6/	6:00	0	5.7	0.92258	127	5.291666667		
12/ 6/	7:00	0	6.4	0.85039	128	5.333333333		
12/ 6/	8:00	0.00065	7.7	0.9138	129	5.375		
12/ 6/	9:00	0.0199515	7.5	1.7004	130	5.416666667		
12/ 6/	10:00	0.0468482	6.7	2.69042	131	5.458333333		
12/ 6/	11:00	0.0716162	6.2	3.68854	132	5.5		
12/ 6/	12:00	0.0848156	6.2	4.50399	133	5.541666667		
12/ 6/	13:00	0.0703495	7.3	4.85763	134	5.583333333		
12/ 6/	14:00	0.051234	7	4.89401	135	5.625		
12/ 6/	15:00	0.031261	5.7	4.59631	136	5.666666667		
12/ 6/	16:00	0.001283	7.7	3.91228	137	5.708333333		
12/ 6/	17:00	0	7.5	3.39025	138	5.75		
12/ 6/	18:00	0	7.5	3.09053	139	5.791666667		
12/ 6/	19:00	0	6.4	2.67965	140	5.833333333		
12/ 6/	20:00	0	5.2	2.26877	141	5.875		
12/ 6/	21:00	0	4.7	1.85789	142	5.916666667		
12/ 6/	22:00	0	3.8	1.44701	143	5.958333333		
12/ 6/	23:00	0	4	1.03613	144	6		
12/ 7/	0:00	0	3.7	0.58191	145	6.041666667		
12/ 7/	1:00	0	3.5	0.1073	146	6.083333333		
12/ 7/	2:00	0	3.5	-0.36731	147	6.125		
12/ 7/	3:00	0	3.5	-0.61481	148	6.166666667		
12/ 7/	4:00	0	4.7	-0.86231	149	6.208333333		
12/ 7/	5:00	0	4.9	-1.10981	150	6.25		
12/ 7/	6:00	0	4.5	-1.28145	151	6.291666667		
12/ 7/	7:00	0	4.7	-1.4531	152	6.333333333		
12/ 7/	8:00	0.0007086	6.2	-1.4154	153	6.375		
12/ 7/	9:00	0.0530937	7.7	0.71131	154	6.416666667		
12/ 7/	10:00	0.127782	6.4	3.44745	155	6.458333333		
12/ 7/	11:00	0.1730587	7	5.7332	156	6.5		
12/ 7/	12:00	0.174301	7.7	7.11686	157	6.541666667		
12/ 7/	13:00	0.1586044	7.5	7.81805	158	6.583333333		
12/ 7/	14:00	0.1243706	7	7.91218	159	6.625		
12/ 7/	15:00	0.0595488	7.3	6.90865	160	6.666666667		
12/ 7/	16:00	0.0014396	7.3	5.22383	161	6.708333333		
12/ 7/	17:00	0	5.9	4.95316	162	6.75		
12/ 7/	18:00	0	5	4.68249	163	6.791666667		
12/ 7/	19:00	0	4	4.41182	164	6.833333333		
12/ 7/	20:00	0	4.3	4.14116	165	6.875		
12/ 7/	21:00	0	4	3.87049	166	6.916666667		
12/ 7/	22:00	0	4.3	3.59982	167	6.958333333		
12/ 7/	23:00	0	3.8	3.32915	168	7		
12/ 8/	0:00	0	4.5	3.13749	169	7.041666667		
12/ 8/	1:00	0	4	2.96914	170	7.083333333		
12/ 8/	2:00	0	3.5	2.80078	171	7.125		
12/ 8/	3:00	0	3.8	2.72825	172	7.166666667		
12/ 8/	4:00	0	3.2	2.65572	173	7.208333333		
12/ 8/	5:00	0	3	2.58319	174	7.25		
12/ 8/	6:00	0	2.5	2.54267	175	7.291666667		
12/ 8/	7:00	0	1	2.50215	176	7.333333333		
12/ 8/	8:00	0.0006357	0.6	2.57673	177	7.375		
12/ 8/	9:00	0.0267482	0.8	3.65308	178	7.416666667		
12/ 8/	10:00	0.0553468	1.2	4.79626	179	7.458333333		
12/ 8/	11:00	0.0679352	1.1	5.63333	180	7.5		
12/ 8/	12:00	0.0667584	2	6.12591	181	7.541666667		
12/ 8/	13:00	0.0582209	2.6	6.34731	182	7.583333333		
12/ 8/	14:00	0.04939	2.5	6.41035	183	7.625		
12/ 8/	15:00	0.021073	1.4	5.99899	184	7.666666667		
12/ 8/	16:00	0.0006401	1.8	5.37294	185	7.708333333		
12/ 8/	17:00	0	1.2	4.93849	186	7.75		
12/ 8/	18:00	0	0.4	4.46967	187	7.791666667		
12/ 8/	19:00	0	0.8	4.0696	188	7.833333333		
12/ 8/	20:00	0	0.8	3.63516	189	7.875		
12/ 8/	21:00	0	1.4	3.20071	190	7.916666667		
12/ 8/	22:00	0	1.4	2.59596	191	7.958333333		
12/ 8/	23:00	0	0.8	2.33182	192	8		
12/ 9/	0:00	0	0.8	1.79322	193	8.041666667		
12/ 9/	1:00	0	0.4	1.20075	194	8.083333333		
12/ 9/	2:00	0	1.1	0.60827	195	8.125		
12/ 9/	3:00	0	0.8	0.28509	196	8.166666667		
12/ 9/	4:00	0	1.1	-0.03809	197	8.208333333		
12/ 9/	5:00	0	0.6	-0.36127	198	8.25		
12/ 9/	6:00	0	0.6	-0.5945	199	8.291666667		
12/ 9/	7:00	0	1	-0.82774	200	8.333333333		
12/ 9/	8:00	0.0006547	0.9	-0.83498	201	8.375		
12/ 9/	9:00	0.0394042	0.3	0.49125	202	8.416666667		
12/ 9/	10:00	0.0821011	0.9	1.9112	203	8.458333333		
12/ 9/	11:00	0.115221	0.4	3.18404	204	8.5		
12/ 9/	12:00	0.1210033	1	4.00857	205	8.541666667		
12/ 9/	13:00	0.1156293	0.8	4.4765	206	8.583333333		
12/ 9/	14:00	0.0743961	1.2	4.34293	207	8.625		
12/ 9/	15:00	0.0294172	1.2	3.54845	208	8.666666667		
12/ 9/	16:00	0.0006392	1	2.53133	209	8.708333333		
12/ 9/	17:00	0	1.2	2.37427	210	8.75		
12/ 9/	18:00	0	1.2	2.21721	211	8.791666667		
12/ 9/	19:00	0	1.6	2.06014	212	8.833333333		
12/ 9/	20:00	0	1.8	1.90308	213	8.875		
12/ 9/	21:00	0	1.6	1.74602	214	8.916666667		
12/ 9/	22:00	0	2.1	1.58895	215	8.958333333		
12/ 9/	23:00	0	2.6	1.43189	216	9		
12/10/	0:00	0	1.6	1.48362	217	9.041666667		
12/10/	1:00	0	2	1.5803	218	9.083333333		
12/10/	2:00	0	1.6	1.67698	219	9.125		
12/10/	3:00	0	2.1	1.60667	220	9.166666667		
12/10/	4:00	0	2.1	1.81862	221	9.208333333		
12/10/	5:00	0	2.5	1.88944	222	9.25		
12/10/	6:00	0	1.8	1.95162	223	9.291666667		
12/10/	7:00	0	1.4	1.94201	224	9.333333333		
12/10/	8:00	0.000462	2.6	2.10437	225	9.375		
12/10/	9:00	0.0132738	3	2.78176	226	9.416666667		
12/10/	10:00	0.0272016	2.3	3.49587	227	9.458333333		
12/10/	11:00	0.0410801	2	4.21795	228	9.5		
12/10/	12:00	0.0448533	2.5	4.74368	229	9.541666667		
12/10/	13:00	0.0429196	2.1	5.07734	230	9.583333333		
12/10/	14:00	0.0326515	1.6	5.14505	231	9.625		
12/10/	15:00	0.0160447	1.4	4.95852	232	9.666666667		
12/10/	16:00	0.0005317	2.1	4.50409	233	9.708333333		
12/10/	17:00	0	2.8	3.85245	234	9.75		
12/10/	18:00	0	3.2	4.03998	235	9.791666667		
12/10/	19:00	0	2.9	3.80792	236	9.833333333		
12/10/	20:00	0	2.5	3.57587	237	9.875		
12/10/	21:00	0	2.9	3.34381	238	9.916666667		
12/10/	22:00	0	2.1	3.11175	239	9.958333333		
12/10/	23:00	0	2.6	2.85968	240	10		
12/11/	0:00	0	2.5	1.76538	241	10.04166667		
12/11/	1:00	0	2.8	1.48589	242	10.08333333		
12/11/	2:00	0	2	0.94725	243	10.125		
12/11/	3:00	0	0.8	0.64236	244	10.16666667		
12/11/	4:00	0	1.1	0.36183	245	10.20833333		
12/11/	5:00	0	1.2	-0.01388	246	10.25		
12/11/	6:00	0	1.8	-0.24541	247	10.29166667		
12/11/	7:00	0	2.6	-0.5024	248	10.33333333		
12/11/	8:00	0.0004118	3.4	-0.5606	249	10.375		
12/11/	9:00	0.0109859	3.7	-0.46697	250	10.41666667		
12/11/	10:00	0.0260539	3.8	-0.32668	251	10.45833333		
12/11/	11:00	0.0348006	4	-0.22395	252	10.5		
12/11/	12:00	0.0396352	3.2	-0.20336	253	10.54166667		
12/11/	13:00	0.0385245	4	-0.14783	254	10.58333333		
12/11/	14:00	0.0278144	3.8	-0.20664	255	10.625		
12/11/	15:00	0.0133552	3.8	-0.35779	256	10.66666667		
12/11/	16:00	0.000508	4.5	-0.56672	257	10.70833333		
12/11/	17:00	0	4.2	-0.823	258	10.75		
12/11/	18:00	0	4.2	-1.07928	259	10.79166667		
12/11/	19:00	0	4.3	-1.33556	260	10.83333333		
12/11/	20:00	0	4.2	-1.59184	261	10.875		
12/11/	21:00	0	4.7	-1.84812	262	10.91666667		
12/11/	22:00	0	5.2	-2.10441	263	10.95833333		
12/11/	23:00	0	5.2	-2.36069	264	11		
12/12/	0:00	0	5.2	-2.34172	265	11.04166667		
12/12/	1:00	0	5.9	-2.18893	266	11.08333333		
12/12/	2:00	0	5.9	-2.03613	267	11.125		
12/12/	3:00	0	6.4	-1.89281	268	11.16666667		
12/12/	4:00	0	6.2	-1.7495	269	11.20833333		
12/12/	5:00	0	5.3	-1.60618	270	11.25		
12/12/	6:00	0	5	-1.46603	271	11.29166667		
12/12/	7:00	0	5.2	-1.32588	272	11.33333333		
12/12/	8:00	0.0008802	6.2	-1.10964	273	11.375		
12/12/	9:00	0.0666781	7.3	2.10438	274	11.41666667		
12/12/	10:00	0.1422631	5.9	5.62384	275	11.45833333		
12/12/	11:00	0.190134	5.9	8.57097	276	11.5		
12/12/	12:00	0.2238115	5.7	11.0234	277	11.54166667		
12/12/	13:00	0.2008831	6.2	12.34518	278	11.58333333		
12/12/	14:00	0.1541641	7.9	12.70268	279	11.625		
12/12/	15:00	0.0737602	8.2	11.52201	280	11.66666667		
12/12/	16:00	0.0016787	8	9.35872	281	11.70833333		
12/12/	17:00	0	8	8.60117	282	11.75		
12/12/	18:00	0	7.9	7.84362	283	11.79166667		
12/12/	19:00	0	8.6	7.08607	284	11.83333333		
12/12/	20:00	0	8.4	6.32852	285	11.875		
12/12/	21:00	0	8.6	5.57097	286	11.91666667		
12/12/	22:00	0	9.6	4.81342	287	11.95833333		
12/12/	23:00	0	9.8	4.05587	288	12		
12/13/	0:00	0	11.1	2.77971	289	12.04166667		
12/13/	1:00	0	12.1	1.32306	290	12.08333333		
12/13/	2:00	0	13.3	-0.13359	291	12.125		
12/13/	3:00	0	13.3	-0.95217	292	12.16666667		
12/13/	4:00	0	10.9	-1.77074	293	12.20833333		
12/13/	5:00	0	11.7	-2.58931	294	12.25		
12/13/	6:00	0	10.3	-3.19477	295	12.29166667		
12/13/	7:00	0	8.6	-3.80022	296	12.33333333		
12/13/	8:00	0.0007217	8.4	-3.93076	297	12.375		
12/13/	9:00	0.0625766	9.3	-1.97031	298	12.41666667		
12/13/	10:00	0.1409076	8.9	0.37033	299	12.45833333		
12/13/	11:00	0.2132877	8.9	2.70302	300	12.5		
12/13/	12:00	0.2385955	8.6	4.38082	301	12.54166667		
12/13/	13:00	0.2126031	5.7	5.13931	302	12.58333333		
12/13/	14:00	0.1718507	4.9	5.2265	303	12.625		
12/13/	15:00	0.0814859	4.9	4.05802	304	12.66666667		
12/13/	16:00	0.0024795	5.3	2.07602	305	12.70833333		
12/13/	17:00	0	5.7	1.97313	306	12.75		
12/13/	18:00	0	6.7	1.87023	307	12.79166667		
12/13/	19:00	0	5.9	1.76733	308	12.83333333		
12/13/	20:00	0	5.3	1.66443	309	12.875		
12/13/	21:00	0	7	1.56153	310	12.91666667		
12/13/	22:00	0	8.2	1.45863	311	12.95833333		
12/13/	23:00	0	8.9	1.35573	312	13		
12/14/	0:00	0	8.4	1.87465	313	13.04166667		
12/14/	1:00	0	9.1	2.49087	314	13.08333333		
12/14/	2:00	0	9.1	3.10708	315	13.125		
12/14/	3:00	0	9.4	3.46384	316	13.16666667		
12/14/	4:00	0	9.8	3.8206	317	13.20833333		
12/14/	5:00	0	9.3	4.17735	318	13.25		
12/14/	6:00	0	9.6	4.44745	319	13.29166667		
12/14/	7:00	0	9.8	4.6714	320	13.33333333		
12/14/	8:00	0.0003433	11.1	4.78394	321	13.375		
12/14/	9:00	0.0062455	13.3	5.40378	322	13.41666667		
12/14/	10:00	0.0136025	13.3	6.21303	323	13.45833333		
12/14/	11:00	0.020571	14.6	7.09333	324	13.5		
12/14/	12:00	0.0219226	16	7.60177	325	13.54166667		
12/14/	13:00	0.0206692	12.6	8.04408	326	13.58333333		
12/14/	14:00	0.0150871	12.1	8.17507	327	13.625		
12/14/	15:00	0.0066069	11.7	7.95956	328	13.66666667		
12/14/	16:00	0.0005421	10.3	7.55272	329	13.70833333		
12/14/	17:00	0	10	7.46058	330	13.75		
12/14/	18:00	0	10	7.6782	331	13.79166667		
12/14/	19:00	0	11.1	7.55312	332	13.83333333		
12/14/	20:00	0	11.7	7.1789	333	13.875		
12/14/	21:00	0	12.4	7.62133	334	13.91666667		
12/14/	22:00	0	10.3	7.56852	335	13.95833333		
12/14/	23:00	0	11.4	6.55996	336	14		
12/15/	0:00	0	10.3	7.81436	337	14.04166667		
12/15/	1:00	0	9.6	7.35195	338	14.08333333		
12/15/	2:00	0	8.9	7.02765	339	14.125		
12/15/	3:00	0	8	6.8591	340	14.16666667		
12/15/	4:00	0	6.4	6.64118	341	14.20833333		
12/15/	5:00	0	7	6.42327	342	14.25		
12/15/	6:00	0	6.7	6.25571	343	14.29166667		
12/15/	7:00	0	5.9	6.08815	344	14.33333333		
12/15/	8:00	0.0003091	5.9	6.03488	345	14.375		
12/15/	9:00	0.0077443	7.5	6.1346	346	14.41666667		
12/15/	10:00	0.0180803	7.7	6.27774	347	14.45833333		
12/15/	11:00	0.0247057	6.7	6.3221	348	14.5		
12/15/	12:00	0.0283453	6.4	6.43831	349	14.54166667		
12/15/	13:00	0.026198	5	6.16985	350	14.58333333		
12/15/	14:00	0.0190735	4.3	5.69954	351	14.625		
12/15/	15:00	0.0086481	4.2	6.07132	352	14.66666667		
12/15/	16:00	0.0005276	3.2	5.92701	353	14.70833333		
12/15/	17:00	0	2.9	6.20117	354	14.75		
12/15/	18:00	0	2.9	6.34415	355	14.79166667		
12/15/	19:00	0	3.5	6.48713	356	14.83333333		
12/15/	20:00	0	3.8	6.59461	357	14.875		
12/15/	21:00	0	3.7	6.77308	358	14.91666667		
12/15/	22:00	0	4	6.91606	359	14.95833333		
12/15/	23:00	0	3.7	7.05904	360	15		
12/16/	0:00	0	3.5	7.2521	361	15.04166667		
12/16/	1:00	0	4	7.48176	362	15.08333333		
12/16/	2:00	0	3.2	7.77181	363	15.125		
12/16/	3:00	0	2.9	7.93514	364	15.16666667		
12/16/	4:00	0	2.9	7.61876	365	15.20833333		
12/16/	5:00	0	2.8	8.17047	366	15.25		
12/16/	6:00	0	3	8.34022	367	15.29166667		
12/16/	7:00	0	3.7	8.52396	368	15.33333333		
12/16/	8:00	0.0002984	4.7	8.62407	369	15.375		
12/16/	9:00	0.0127041	4.5	9.3833	370	15.41666667		
12/16/	10:00	0.0295102	4.2	10.30627	371	15.45833333		
12/16/	11:00	0.0401701	3.7	11.09864	372	15.5		
12/16/	12:00	0.0448669	3.7	11.70565	373	15.54166667		
12/16/	13:00	0.0392665	4.3	12.02839	374	15.58333333		
12/16/	14:00	0.0300879	4.3	12.13163	375	15.625		
12/16/	15:00	0.0122052	4.9	11.82068	376	15.66666667		
12/16/	16:00	0.0005579	5.5	11.34809	377	15.70833333		
12/16/	17:00	0	5.9	11.17548	378	15.75		
12/16/	18:00	0	6.4	11.00287	379	15.79166667		
12/16/	19:00	0	6.2	10.83026	380	15.83333333		
12/16/	20:00	0	7	10.65766	381	15.875		
12/16/	21:00	0	7.3	10.31485	382	15.91666667		
12/16/	22:00	0	8.2	10.31244	383	15.95833333		
12/16/	23:00	0	7.5	10.13983	384	16		
12/17/	0:00	0	7	9.13733	385	16.04166667		
12/17/	1:00	0	7.9	7.99132	386	16.08333333		
12/17/	2:00	0	8.2	6.84531	387	16.125		
12/17/	3:00	0	7	6.20055	388	16.16666667		
12/17/	4:00	0	6.4	5.55579	389	16.20833333		
12/17/	5:00	0	6.4	4.91102	390	16.25		
12/17/	6:00	0	6.2	4.43368	391	16.29166667		
12/17/	7:00	0	5.9	3.95634	392	16.33333333		
12/17/	8:00	0.0002651	6.7	3.82774	393	16.375		
12/17/	9:00	0.0321919	7	4.58245	394	16.41666667		
12/17/	10:00	0.0721837	8	5.48842	395	16.45833333		
12/17/	11:00	0.1183955	6.4	6.5197	396	16.5		
12/17/	12:00	0.1383803	6.7	7.30597	397	16.54166667		
12/17/	13:00	0.1164643	6.2	7.57678	398	16.58333333		
12/17/	14:00	0.0818553	6.4	7.45102	399	16.625		
12/17/	15:00	0.0332586	7.7	6.74908	400	16.66666667		
12/17/	16:00	0.0005476	8.6	5.82358	401	16.70833333		
12/17/	17:00	0	8.4	5.66504	402	16.75		
12/17/	18:00	0	8.6	5.50651	403	16.79166667		
12/17/	19:00	0	8.4	5.34797	404	16.83333333		
12/17/	20:00	0	7.3	5.18943	405	16.875		
12/17/	21:00	0	7.7	5.0309	406	16.91666667		
12/17/	22:00	0	7.3	4.87236	407	16.95833333		
12/17/	23:00	0	8.6	4.71382	408	17		
12/18/	0:00	0	8.9	5.11139	409	17.04166667		
12/18/	1:00	0	9.4	5.68195	410	17.08333333		
12/18/	2:00	0	9.6	6.25252	411	17.125		
12/18/	3:00	0	10.7	6.62429	412	17.16666667		
12/18/	4:00	0	10.3	6.99607	413	17.20833333		
12/18/	5:00	0	10.7	7.36785	414	17.25		
12/18/	6:00	0	9.6	7.67324	415	17.29166667		
12/18/	7:00	0	9.1	7.97863	416	17.33333333		
12/18/	8:00	0.0002637	8.6	8.17591	417	17.375		
12/18/	9:00	0.0261975	7.9	9.54309	418	17.41666667		
12/18/	10:00	0.0641446	8.6	11.27906	419	17.45833333		
12/18/	11:00	0.0909293	9.1	12.85022	420	17.5		
12/18/	12:00	0.1059966	8	12.76	421	17.54166667		
12/18/	13:00	0.0986859	7.9	12.76	422	17.58333333		
12/18/	14:00	0.0692526	7.7	12.76	423	17.625		
12/18/	15:00	0.0300075	7.3	12.76	424	17.66666667		
12/18/	16:00	0.0005957	7	12.76	425	17.70833333		
12/18/	17:00	0	7.3	13.60661	426	17.75		
12/18/	18:00	0	7	13.4167	427	17.79166667		
12/18/	19:00	0	8	13.22679	428	17.83333333		
12/18/	20:00	0	8.6	13.03688	429	17.875		
12/18/	21:00	0	7.3	12.84697	430	17.91666667		
12/18/	22:00	0	5.9	12.65705	431	17.95833333		
12/18/	23:00	0	5.7	12.43181	432	18		
12/19/	0:00	0	4.5	11.60687	433	18.04166667		
12/19/	1:00	0	3.5	10.66706	434	18.08333333		
12/19/	2:00	0	4.2	9.72726	435	18.125		
12/19/	3:00	0	4.3	9.21758	436	18.16666667		
12/19/	4:00	0	4.5	8.70791	437	18.20833333		
12/19/	5:00	0	4.5	8.19824	438	18.25		
12/19/	6:00	0	5	7.83223	439	18.29166667		
12/19/	7:00	0	4.2	7.46623	440	18.33333333		
12/19/	8:00	0.0002374	4.5	7.40049	441	18.375		
12/19/	9:00	0.0287308	5.2	8.14909	442	18.41666667		
12/19/	10:00	0.0763089	4.5	9.26747	443	18.45833333		
12/19/	11:00	0.1006945	4.9	10.14126	444	18.5		
12/19/	12:00	0.1224809	4.7	10.88701	445	18.54166667		
12/19/	13:00	0.1037293	5	11.17599	446	18.58333333		
12/19/	14:00	0.0726403	4.7	11.10152	447	18.625		
12/19/	15:00	0.0306896	5.5	10.51026	448	18.66666667		
12/19/	16:00	0.0005962	7.3	9.70229	449	18.70833333		
12/19/	17:00	0	7.3	9.16228	450	18.75		
12/19/	18:00	0	8.9	8.62227	451	18.79166667		
12/19/	19:00	0	10.3	8.08225	452	18.83333333		
12/19/	20:00	0	10	7.54224	453	18.875		
12/19/	21:00	0	10.3	7.00222	454	18.91666667		
12/19/	22:00	0	10.7	6.46221	455	18.95833333		
12/19/	23:00	0	11.1	5.9222	456	19		
12/20/	0:00	0	11.7	5.69038	457	19.04166667		
12/20/	1:00	0	10	5.52725	458	19.08333333		
12/20/	2:00	0	10.7	5.36411	459	19.125		
12/20/	3:00	0	10.9	5.31688	460	19.16666667		
12/20/	4:00	0	9.8	5.26965	461	19.20833333		
12/20/	5:00	0	9.3	5.22241	462	19.25		
12/20/	6:00	0	8.2	5.2139	463	19.29166667		
12/20/	7:00	0	8	5.20538	464	19.33333333		
12/20/	8:00	0.0006523	7	5.33006	465	19.375		
12/20/	9:00	0.0547258	6.2	7.72032	466	19.41666667		
12/20/	10:00	0.1126757	5.3	10.22153	467	19.45833333		
12/20/	11:00	0.1118971	5.3	11.48976	468	19.5		
12/20/	12:00	0.095371	5.3	11.99435	469	19.54166667		
12/20/	13:00	0.1609186	5.9	13.29171	470	19.58333333		
12/20/	14:00	0.0824527	5	13.21606	471	19.625		
12/20/	15:00	0.0509465	4.3	12.6016	472	19.66666667		
12/20/	16:00	0.0040267	4.7	11.37794	473	19.70833333		
12/20/	17:00	0	4	10.55926	474	19.75		
12/20/	18:00	0	4.7	9.74059	475	19.79166667		
12/20/	19:00	0	5.2	8.92191	476	19.83333333		
12/20/	20:00	0	5	8.10323	477	19.875		
12/20/	21:00	0	3.7	7.28455	478	19.91666667		
12/20/	22:00	0	3.2	6.46588	479	19.95833333		
12/20/	23:00	0	3.5	5.6472	480	20		
12/21/	0:00	0	2.8	4.38758	481	20.04166667		
12/21/	1:00	0	2.5	2.90376	482	20.08333333		
12/21/	2:00	0	2.3	1.41994	483	20.125		
12/21/	3:00	0	2	0.56594	484	20.16666667		
12/21/	4:00	0	1.8	-0.28807	485	20.20833333		
12/21/	5:00	0	2.5	-1.14208	486	20.25		
12/21/	6:00	0	1.4	-1.78572	487	20.29166667		
12/21/	7:00	0	1.4	-2.42937	488	20.33333333		
12/21/	8:00	0.0002121	2.5	-2.64359	489	20.375		
12/21/	9:00	0.0356771	2.9	-2.03376	490	20.41666667		
12/21/	10:00	0.0781196	2.6	-1.31455	491	20.45833333		
12/21/	11:00	0.11182	1.6	-0.67077	492	20.5		
12/21/	12:00	0.125918	2.8	-0.24157	493	20.54166667		
12/21/	13:00	0.1158345	2	-0.10921	494	20.58333333		
12/21/	14:00	0.0815736	1.2	-0.30892	495	20.625		
12/21/	15:00	0.0372627	1.4	-0.94478	496	20.66666667		
12/21/	16:00	0.0005934	2.3	-1.81492	497	20.70833333		
12/21/	17:00	0	3.2	-1.72046	498	20.75		
12/21/	18:00	0	3.2	-1.626	499	20.79166667		
12/21/	19:00	0	2.6	-1.53154	500	20.83333333		
12/21/	20:00	0	1.4	-1.43708	501	20.875		
12/21/	21:00	0	1.6	-1.34262	502	20.91666667		
12/21/	22:00	0	0.8	-1.24816	503	20.95833333		
12/21/	23:00	0	2.3	-1.1537	504	21		
12/22/	0:00	0	3	-0.53505	505	21.04166667		
12/22/	1:00	0	3.7	-0.01395	506	21.08333333		
12/22/	2:00	0	3.4	0.99455	507	21.125		
12/22/	3:00	0	4	1.53447	508	21.16666667		
12/22/	4:00	0	3	2.00083	509	21.20833333		
12/22/	5:00	0	3.5	2.46718	510	21.25		
12/22/	6:00	0	3.4	2.82589	511	21.29166667		
12/22/	7:00	0	3.2	3.18461	512	21.33333333		
12/22/	8:00	0.0001692	2.8	3.35456	513	21.375		
12/22/	9:00	0.0122724	3.8	4.42453	514	21.41666667		
12/22/	10:00	0.0301535	3.4	5.78916	515	21.45833333		
12/22/	11:00	0.0467439	3.5	7.1781	516	21.5		
12/22/	12:00	0.0477522	4.7	8.09994	517	21.54166667		
12/22/	13:00	0.0436001	3.8	8.65665	518	21.58333333		
12/22/	14:00	0.0325662	2.8	8.8543	519	21.625		
12/22/	15:00	0.0153692	3.5	8.50756	520	21.66666667		
12/22/	16:00	0.0005707	3.5	7.84222	521	21.70833333		
12/22/	17:00	0	2.8	7.76712	522	21.75		
12/22/	18:00	0	3	7.69201	523	21.79166667		
12/22/	19:00	0	3.2	7.61691	524	21.83333333		
12/22/	20:00	0	2.8	7.5418	525	21.875		
12/22/	21:00	0	2.9	7.4667	526	21.91666667		
12/22/	22:00	0	3.4	7.39159	527	21.95833333		
12/22/	23:00	0	3.7	7.31649	528	22		
12/23/	0:00	0	2.9	6.24085	529	22.04166667		
12/23/	1:00	0	3.8	5.01537	530	22.08333333		
12/23/	2:00	0	4.3	3.7899	531	22.125		
12/23/	3:00	0	4.9	3.10224	532	22.16666667		
12/23/	4:00	0	3.2	2.41458	533	22.20833333		
12/23/	5:00	0	3	1.72692	534	22.25		
12/23/	6:00	0	2.5	1.21889	535	22.29166667		
12/23/	7:00	0	2.3	0.71086	536	22.33333333		
12/23/	8:00	0.0001688	2.6	0.55814	537	22.375		
12/23/	9:00	0.0101939	3.2	0.32303	538	22.41666667		
12/23/	10:00	0.0264096	4.3	0.05281	539	22.45833333		
12/23/	11:00	0.040119	4.5	-0.21553	540	22.5		
12/23/	12:00	0.045502	5	-0.45478	541	22.54166667		
12/23/	13:00	0.0431169	4.7	-0.65747	542	22.58333333		
12/23/	14:00	0.0283549	4.7	-0.80918	543	22.625		
12/23/	15:00	0.0139069	5	-0.4409	544	22.66666667		
12/23/	16:00	0.0006209	5	-0.45944	545	22.70833333		
12/23/	17:00	0	5	-1.07023	546	22.75		
12/23/	18:00	0	4.2	-1.68102	547	22.79166667		
12/23/	19:00	0	3	-2.31847	548	22.83333333		
12/23/	20:00	0	2.6	-2.90259	549	22.875		
12/23/	21:00	0	2.5	-3.56836	550	22.91666667		
12/23/	22:00	0	3.2	-4.49452	551	22.95833333		
12/23/	23:00	0	2.9	-4.85129	552	23		
12/24/	0:00	0	3.2	-4.95258	553	23.04166667		
12/24/	1:00	0	2.9	-5.1325	554	23.08333333		
12/24/	2:00	0	2.8	-5.31243	555	23.125		
12/24/	3:00	0	2.5	-5.38354	556	23.16666667		
12/24/	4:00	0	2.5	-5.45466	557	23.20833333		
12/24/	5:00	0	2.6	-5.52578	558	23.25		
12/24/	6:00	0	2.5	-5.56055	559	23.29166667		
12/24/	7:00	0	1.8	-5.59533	560	23.33333333		
12/24/	8:00	0.0002349	0.6	-5.53656	561	23.375		
12/24/	9:00	0.0145561	0.4	-4.85652	562	23.41666667		
12/24/	10:00	0.0375355	0.1	-3.91757	563	23.45833333		
12/24/	11:00	0.0165724	0.9	-3.89939	564	23.5		
12/24/	12:00	0.0422	2.3	-3.41361	565	23.54166667		
12/24/	13:00	0.1742454	2.1	-1.10296	566	23.58333333		
12/24/	14:00	0.1346501	2.1	0.05085	567	23.625		
12/24/	15:00	0.0825362	2.1	0.34125	568	23.66666667		
12/24/	16:00	0.0029892	2.1	-0.6348	569	23.70833333		
12/24/	17:00	0	1.2	-1.01059	570	23.75		
12/24/	18:00	0	1.6	-1.38637	571	23.79166667		
12/24/	19:00	0	1.4	-1.76216	572	23.83333333		
12/24/	20:00	0	1.4	-2.13794	573	23.875		
12/24/	21:00	0	2.3	-2.51373	574	23.91666667		
12/24/	22:00	0	1.8	-2.88951	575	23.95833333		
12/24/	23:00	0	1.4	-3.2653	576	24		
12/25/	0:00	0	2.8	-3.78714	577	24.04166667		
12/25/	1:00	0	3.7	-4.41061	578	24.08333333		
12/25/	2:00	0	3.2	-5.03407	579	24.125		
12/25/	3:00	0	4.7	-5.39662	580	24.16666667		
12/25/	4:00	0	4.3	-5.75917	581	24.20833333		
12/25/	5:00	0	5.2	-6.12172	582	24.25		
12/25/	6:00	0	5.5	-6.39713	583	24.29166667		
12/25/	7:00	0	4.2	-6.67253	584	24.33333333		
12/25/	8:00	0.0002049	3.7	-6.76159	585	24.375		
12/25/	9:00	0.0333787	4.2	-5.84589	586	24.41666667		
12/25/	10:00	0.0835787	4.2	-4.58209	587	24.45833333		
12/25/	11:00	0.1219661	4.2	-3.4124	588	24.5		
12/25/	12:00	0.1292162	4.3	-2.6623	589	24.54166667		
12/25/	13:00	0.1340134	4.5	-2.14708	590	24.58333333		
12/25/	14:00	0.0976281	4.5	-2.1269	591	24.625		
12/25/	15:00	0.0454999	3.8	-2.75264	592	24.66666667		
12/25/	16:00	0.0007388	4	-3.78047	593	24.70833333		
12/25/	17:00	0	5.2	-4.04714	594	24.75		
12/25/	18:00	0	4.2	-4.31381	595	24.79166667		
12/25/	19:00	0	3.8	-4.58048	596	24.83333333		
12/25/	20:00	0	3.4	-4.84715	597	24.875		
12/25/	21:00	0	3.5	-5.11382	598	24.91666667		
12/25/	22:00	0	3.2	-5.38049	599	24.95833333		
12/25/	23:00	0	2.5	-5.64716	600	25		
12/26/	0:00	0	1.6	-5.52001	601	25.04166667		
12/26/	1:00	0	1.2	-5.32493	602	25.08333333		
12/26/	2:00	0	1.1	-5.12984	603	25.125		
12/26/	3:00	0	2	-4.99833	604	25.16666667		
12/26/	4:00	0	1.8	-4.86681	605	25.20833333		
12/26/	5:00	0	1.6	-4.7353	606	25.25		
12/26/	6:00	0	1.8	-4.62502	607	25.29166667		
12/26/	7:00	0	2.8	-4.51474	608	25.33333333		
12/26/	8:00	0.0001386	2.6	-4.43198	609	25.375		
12/26/	9:00	0.0041485	3	-4.14953	610	25.41666667		
12/26/	10:00	0.0236153	3.8	-3.31586	611	25.45833333		
12/26/	11:00	0.0332071	2.5	-2.6085	612	25.5		
12/26/	12:00	0.0541525	2.9	-1.70873	613	25.54166667		
12/26/	13:00	0.142591	2.6	0.49074	614	25.58333333		
12/26/	14:00	0.0969331	2.5	1.38337	615	25.625		
12/26/	15:00	0.0654682	2	1.64903	616	25.66666667		
12/26/	16:00	0.0050642	2.8	0.7577	617	25.70833333		
12/26/	17:00	0	4	0.66947	618	25.75		
12/26/	18:00	0	3.2	0.58124	619	25.79166667		
12/26/	19:00	0	3.7	0.49301	620	25.83333333		
12/26/	20:00	0	3.5	0.40478	621	25.875		
12/26/	21:00	0	4.2	0.26263	622	25.91666667		
12/26/	22:00	0	4.2	0.22832	623	25.95833333		
12/26/	23:00	0	4	0.14009	624	26		
12/27/	0:00	0	4.3	-0.2114	625	26.04166667		
12/27/	1:00	0	5.5	-0.60432	626	26.08333333		
12/27/	2:00	0	4.7	-0.99725	627	26.125		
12/27/	3:00	0	6.2	-1.27813	628	26.16666667		
12/27/	4:00	0	5.7	-1.43162	629	26.20833333		
12/27/	5:00	0	5.3	-1.6488	630	26.25		
12/27/	6:00	0	4.3	-1.80729	631	26.29166667		
12/27/	7:00	0	3.4	-1.96577	632	26.33333333		
12/27/	8:00	0.0001664	3.4	-1.99879	633	26.375		
12/27/	9:00	0.0080745	4.3	-1.84012	634	26.41666667		
12/27/	10:00	0.0205006	4.5	-1.60523	635	26.45833333		
12/27/	11:00	0.0315408	4.2	-1.36882	636	26.5		
12/27/	12:00	0.0381129	4.5	-1.17703	637	26.54166667		
12/27/	13:00	0.0331242	4.3	-1.10506	638	26.58333333		
12/27/	14:00	0.0271984	4.5	-1.10834	639	26.625		
12/27/	15:00	0.0137669	5.3	-1.24557	640	26.66666667		
12/27/	16:00	0.0008494	5.7	-1.485	641	26.70833333		
12/27/	17:00	0	5.3	-1.74816	642	26.75		
12/27/	18:00	0	5.5	-1.96773	643	26.79166667		
12/27/	19:00	0	4.3	-2.23671	644	26.83333333		
12/27/	20:00	0	4.3	-2.78444	645	26.875		
12/27/	21:00	0	4	-2.3507	646	26.91666667		
12/27/	22:00	0	4.9	-2.53308	647	26.95833333		
12/27/	23:00	0	5.5	-2.65823	648	27		
12/28/	0:00	0	5.2	-2.66525	649	27.04166667		
12/28/	1:00	0	4.7	-2.65921	650	27.08333333		
12/28/	2:00	0	5.9	-2.65316	651	27.125		
12/28/	3:00	0	5.3	-2.6436	652	27.16666667		
12/28/	4:00	0	6.2	-2.6553	653	27.20833333		
12/28/	5:00	0	7	-2.68487	654	27.25		
12/28/	6:00	0	6.4	-2.61375	655	27.29166667		
12/28/	7:00	0	5.9	-2.60302	656	27.33333333		
12/28/	8:00	0.000132	6.2	-2.57781	657	27.375		
12/28/	9:00	0.0104102	6.4	-2.09207	658	27.41666667		
12/28/	10:00	0.0295508	7.3	-1.33462	659	27.45833333		
12/28/	11:00	0.0436012	6.7	-0.62629	660	27.5		
12/28/	12:00	0.0558723	5.5	0.02967	661	27.54166667		
12/28/	13:00	0.0548796	4	0.45611	662	27.58333333		
12/28/	14:00	0.0345592	3.5	0.49745	663	27.625		
12/28/	15:00	0.0152102	3.2	0.1684	664	27.66666667		
12/28/	16:00	0.0007002	2.3	-0.33671	665	27.70833333		
12/28/	17:00	0	2	-0.32555	666	27.75		
12/28/	18:00	0	3	-0.31439	667	27.79166667		
12/28/	19:00	0	2.8	-0.30323	668	27.83333333		
12/28/	20:00	0	4	-0.29207	669	27.875		
12/28/	21:00	0	4.5	-0.28091	670	27.91666667		
12/28/	22:00	0	4.9	-0.26975	671	27.95833333		
12/28/	23:00	0	5.5	-0.49945	672	28		
12/29/	0:00	0	5.5	-0.29809				
12/29/	1:00	0	5.3	-0.3241				
12/29/	2:00	0	6.4	-0.35011				
12/29/	3:00	0	6.7	-0.43671				
12/29/	4:00	0	5	-0.36265				
12/29/	5:00	0	5.2	-0.36891				
12/29/	6:00	0	5.3	-0.36858				
12/29/	7:00	0	5.3	-0.36825				
12/29/	8:00	0.0001443	5.9	-0.34162				
12/29/	9:00	0.0214843	5.7	0.64467				
12/29/	10:00	0.0542551	5.7	1.97835				
12/29/	11:00	0.0788342	7.3	3.21216				
12/29/	12:00	0.0909279	7.3	4.17836				
12/29/	13:00	0.0819871	8.2	4.69113				
12/29/	14:00	0.0591113	8.9	4.7633				
12/29/	15:00	0.0288116	8.9	4.26458				
12/29/	16:00	0.0008024	9.3	3.39732				
12/29/	17:00	0	9.4	3.39967				
12/29/	18:00	0	8.6	3.40202				
12/29/	19:00	0	9.3	3.40437				
12/29/	20:00	0	9.1	3.40672				
12/29/	21:00	0	8.2	3.40907				
12/29/	22:00	0	8.2	3.41141				
12/29/	23:00	0	6.2	3.41376				
12/30/	0:00	0	7.7	3.36387				
12/30/	1:00	0	7	3.35605				
12/30/	2:00	0	6.7	3.34823				
12/30/	3:00	0	7	3.36535				
12/30/	4:00	0	8.4	3.38248				
12/30/	5:00	0	7	3.3996				
12/30/	6:00	0	6.7	3.42506				
12/30/	7:00	0	7.3	3.45051				
12/30/	8:00	0.0001434	5.9	3.50585				
12/30/	9:00	0.0163949	5.9	4.29959				
12/30/	10:00	0.0363147	6.7	5.20643				
12/30/	11:00	0.0531183	6.4	6.06948				
12/30/	12:00	0.0669697	6.4	6.86041				
12/30/	13:00	0.0698101	6.4	7.44551				
12/30/	14:00	0.0545949	5.5	7.67439				
12/30/	15:00	0.0307928	5.7	7.48676				
12/30/	16:00	0.0010246	5.9	6.83004				
12/30/	17:00	0	5.7	6.48773				
12/30/	18:00	0	5.7	6.14542				
12/30/	19:00	0	7.5	5.8031				
12/30/	20:00	0	7	5.46079				
12/30/	21:00	0	7.7	5.11848				
12/30/	22:00	0	7	4.62936				
12/30/	23:00	0	5.5	4.43385				
12/31/	0:00	0	5.7	3.87515				
12/31/	1:00	0	6.2	3.3534				
12/31/	2:00	0	7.5	2.74574				
12/31/	3:00	0	6.4	2.45585				
12/31/	4:00	0	7.3	2.13341				
12/31/	5:00	0	6.7	1.81098				
12/31/	6:00	0	5.5	1.48708				
12/31/	7:00	0	7.3	1.33488				
12/31/	8:00	0.0001433	6.7	1.24172				
12/31/	9:00	0.0062191	6.7	1.22997				
12/31/	10:00	0.0168422	5.2	1.20976				
12/31/	11:00	0.0241215	5	1.18458				
12/31/	12:00	0.0273414	5	1.08088				
12/31/	13:00	0.0259564	5.3	1.0988				
12/31/	14:00	0.0187571	5.7	1.03212				
12/31/	15:00	0.0104996	6.7	0.94719				
12/31/	16:00	0.0009312	5.9	0.80409				
12/31/	17:00	0	5.9	0.64538				
12/31/	18:00	0	6.2	0.30378				
12/31/	19:00	0	5	-0.01096				
12/31/	20:00	0	4.3	-0.14216				
12/31/	21:00	0	2.9	-0.54116				
12/31/	22:00	0	2.3	-1.19892				
12/31/	23:00	0	2.5	-0.66753				
								
								
								
								
								
								
								
								
								
								
								
								
								
								
								
								
								
								
								
								
								
								
								
								
								
								
								
								
								
								
								
								
								
								
								
								
								
								
								
								
								
								
								
								
								
								
								
								
								
								
								
								
								
								
								
								
								
								
								
								
								
								
								
								
								
								
								
								
								
								
								
								
								
								
								
								
								
								
								
								
								
								
								
								
								
								
								
								
								
								
								
								
								
								
								
								
								
								
								
								
								
								
								
								
								
								
								
								
								
								
								
								
								
								
								
								
								
								
								
								
								
								
								
								
								
								
								
								
								
								
								
								
								
								
								
								
								
								
								
								
								
								
								
								
								
								
								
								
								
								
								
								
								
								
								
								
								
								
								
								
								
								
								
								
								
								
								
								
								
								
								
								
								
								
								
								
								
								
								
								
								
								
								
								
								
								
								
								
								
								
								
								
								
								
								
								
								
								
								
								
								
								
								
								
								
								
								
								
								
								
								
								
								
								
								
								
								
								
								
								
								
								
								
								
								
								
								
								
								
								
								
								
								
								
								
								
								
								
								
								
								
								
								
								
								
								
								
								
								
								
								
								
								
								
								
								
								
								
								
								
								
								
								
								
								
								
								
								
								
								
								
								
								
								
								
								
								
								
								
								
								
								
								
								
								
								
								
								
								
								
								
								
								
								
								
								
								
								
								
								
								
								
								
								
								
								
								
								
								
								
								
								
								
								
								
								
								
								
								
								
								
								
								
								
								
								
								
								
								
								
								
								
								
								
								
								
								
								
								
								
								
								
								
								
								
								
								
								
								
								
								
								
								
								
								
								
								
								
								
								
								
								
								
								
								
								
								
								
								
								
								
								
								
								
								
								
								
								
								
								
								
								
								
								
								
								
								
								
								
								
								
								
								
								
								
								
								
								
								
								
								
								
								
								
								
								
								
								
								
								
								
								
								
								
								
								
								
								
								
								
								
								
								
								
								
								
								
								
								
								
								
								
								
								
								
								
								
								
								
								
								
								
								
								
								
								
								
								
								
								
								
								
								
								
								
								
								
								
								
								
								
								
								
								
								
								
								
								
								
								
								
								
								
								
								
								
								
								
								
								
								
								
								
								
								
								
								
								
								
								
								
								
								
								
								
								
								
								
								
								
								
								
								
								
								
								
								
								
								
								
								
								
								
								
								
								
								
								
								
								
								
								
								
								
								
								
								
								
								
								
								
								
								
								
								
								
								
								
								
								
								
								
								
								
								
								
								
								
								
								
								
								
								
								
								
								
								
								
								
								
								
								
								
								
								
								
								
								
								
								
								
								
								
								
								
								
								
								
								
								
								
								
								
								
								
								
								
								
								
								
								
								
								
								
								
								
								
								
								
								
								
								
								
								
								
								
								
								
								
								
								
								
								
								
								
								
								
								
								
								
								
								
								
								
								
								
								
								
								
								
								
								
								
								
								
								
								
								
								
								
								
								
								
								
								
								
								
								
								
								
								
								
								
								
								
								
								
								
								
								
								
								
								
								
								
								
								
								
								
								
								
								
								
								
								
								
								
								
								
								
								
								
								
								
								
								
								
								
								
								
								
								
								
								
								
								
								
								
								
								
								
								
								
								
								
								
								
								
								
								
								
								
								
								
								
								
								
								
								
								
								
								
								
								
								
								
								
								
								
								
								
								
								
								
								
								
								
								
								
								
								
								
								
								
								
								
								
								
								
								
								
								
								
								
								
								
								
								
								
								
								
								
								
								
								
								
								
								
								
								
								
								
								
								
								
								
								
								
								
								
								
								
								
								
								
								
								
								
								
								
								
								
								
								
								
								
								
								
								
								
								
								
								
								
								
								
								
								
								
								
								
								
								
								
								
								
								
								
								
								
								
								
								
								
								
								
								
								
								
								
								
								
								
								
								
								
								
								
								
								
								
								
								
								
								
								
								
								
								
								
								
								
								
								
								
								
								
								
								
								
								
								
								
								
								
								
								
								
								
								
								
								
								
								
								
								
								
								
								
								
								
								
								
								
								
								
								
								
								
								
								
								
								
								
								
								
								
								
								
								
								
								
								
								
								
								
								
								
								
								
								
								
								
								
								
								
								
								
								
								
								
								
								
								
								
								
								
								
								
								
								
								
								
								
								
								
								
								
								
								
								
								
								
								
								
								
								
								
								
								
								
								
								
								
								
								
								
								
								
								
								
								
								
								
								
								
								
								
								
								
								
								
								
								
								
								
								
								
								
								
								
								
								
								
								
								
								
								
								
								
								
								
								
								
								
								
								
								
								
								
								
								
								
								
								
								
								
								
								
								
								
								
								
								
								
								
								
								
								
								
								
								
								
								
								
								
								
								
								
								
								
								
								
								
								
								
								
								
								
								
								
								
								
								
								
								
								
								
								
								
								
								
								
								
								
								
								
								
								
								
								
								
								
								
								
								
								
								
								
								
								
								
								
								
								
								
								
								
								
								
								
								
								
								
								
								
								
								
								
								
								
								
								
								
								
								
								
								
								
								
								
								
								
								
								
								
								
								
								
								
								
								
								
								
								
								
								
								
								
								
								
								
								
								
								
								
								
								
								
								
								
								
								
								
								
								
								
								
								
								
								
								
								
								
								
								
								
								
								
								
								
								
								
								
								
								
								
								
								
								
								
								
								
								
								
								
								
								
								
								
								
								
								
								
								
								
								
								
								
								
								
								
								
								
								
								
								
								
								
								
								
								
								
								
								
								
								
								
								
								
								
								
								
								
								
								
								
								
								
								
								
								
								
								
								
								
								
								
								
								
								
								
								
								
								
								
								
								
								
								
								
								
								
								
								
								
								
								
								
								
								
								
								
								
								
								
								
								
								
								
								
								
								
								
								
								
								
								
								
								
								
								
								
								
								
								
								
								
								
								
								
								
								
								
								
								
								
								
								
								
								
								
								
								
								
								
								
								
								
								
								
								
								
								
								
								
								
								
								
								
								
								
								
								
								
								
								
								
								
								
								
								
								
								
								
								
								
								
								
								
								
								
								
								
								
								
								
								
								
								
								
								
								
								
								
								
								
								
								
								
								
								
								
								
								
								
								
								
								
								
								
								
								
								
								
								
								
								
								
								
								
								
								
								
								
								
								
								
								
								
								
								
								
								
								
								
								
								
								
								
								
								
								
								
								
								
								
								
								
								
								
								
								
								
								
								
								
								
								
								
								
								
								
								
								
								
								
								
								
								
								
								
								
								
								
								
								
								
								
								
								
								
								
								
								
								
								
								
								
								
								
								
								
								
								
								
								
								
								
								
								
								
								
								
								
								
								
								
								
								
								
								
								
								
								
								
								
								
								
								
								
								
								
								
								
								
								
								
								
								
								
								
								
								
								
								
								
								
								
								
								
								
								
								
								
								
								
								
								
								
								
								
								
								
								
								
								
								
								
								
								
								
								
								
								
								
								
								
								
								
								
								
								
								
								
								
								
								
								
								
								
								
								
								
								
								
								
								
								
								
								
								
								
								
								
								
								
								
								
								
								
								
								
								
								
								
								
								
								
								
								
								
								
								
								
								
								
								
								
								
								
								
								
								
								
								
								
								
								
								
								
								
								
								
								
								
								
								
								
								
								
								
								
								
								
								
								
								
								
								
								
								
								
								
								
								
								
								
								
								
								
								
								
								
								
								
								
								
								
								
								
								
								
								
								
								
								
								
								
								
								
								
								
								
								
								
								
								
								
								
								
								
								
								
								
								
								
								
								
								
								
								
								
								
								
								
								
								
								
								
								
								
								
								
								
								
								
								
								
								
								
								
								
								
								
								
								
								
								
								
								
								
								
								
								
								
								
								
								
								
								
								
								
								
								
								
								
								
								
								
								
								
								
								
								
								
								
								
								
								
								
								
								
								
								
								
								
								
								
								
								
								
								
								
								
								
								
								
								
								
								
								
								
								
								
								
								
								
								
								
								
								
								
								
								
								
								
								
								
								
								
								
								
								
								
								
								
								
								
								
								
								
								
								
								
								
								
								
								
								
								
								
								
								
								
								
								
								
								
								
								
								
								
								
								
								
								
								
								
								
								
								
								
								
								
								
								
								
								
								
								
								
								
								
								
								
								
								
								
								
								
								
								
								
								
								
								
								
								
								
								
								
								
								
								
								
								
								
								
								
								
								
								
								
								
								
								
								
								
								
								
								
								
								
								
								
								
								
								
								
								
								
								
								
								
